{"stats":{"minecraft:picked_up":{"minecraft:birch_log":48,"minecraft:crafting_table":6,"minecraft:salmon":10,"minecraft:leather":1,"minecraft:stone_slab":1,"minecraft:birch_planks":37,"minecraft:mushroom_stew":1,"minecraft:chainmail_chestplate":1,"minecraft:shield":1,"minecraft:moss_carpet":2,"minecraft:dirt":18,"minecraft:string":2,"minecraft:cooked_salmon":2,"minecraft:armor_stand":2,"minecraft:bone":2,"minecraft:iron_ingot":3,"minecraft:beef":2,"minecraft:stone_pickaxe":2,"minecraft:dark_oak_sign":3,"minecraft:iron_pickaxe":1,"minecraft:moss_block":3,"minecraft:iron_sword":3,"minecraft:furnace":3,"minecraft:stick":2,"minecraft:raw_iron":58,"minecraft:sweet_berries":57,"minecraft:torch":19,"minecraft:porkchop":9,"minecraft:carrot":5,"minecraft:cyan_bed":6,"minecraft:spider_eye":1,"minecraft:leather_helmet":1,"minecraft:arrow":4,"minecraft:rotten_flesh":8,"minecraft:diamond":2,"minecraft:stone_axe":1,"minecraft:peony":1,"minecraft:chainmail_leggings":1,"minecraft:bone_meal":2,"minecraft:golden_apple":2,"minecraft:emerald":1,"minecraft:gold_ingot":18,"minecraft:bread":7,"minecraft:obsidian":2,"minecraft:coal":340,"minecraft:cobblestone":257},"minecraft:dropped":{"minecraft:iron_sword":1},"minecraft:crafted":{"minecraft:crafting_table":1,"minecraft:wooden_pickaxe":1,"minecraft:iron_helmet":1,"minecraft:iron_sword":2,"minecraft:furnace":1,"minecraft:cooked_salmon":10,"minecraft:birch_planks":116,"minecraft:stone_axe":1,"minecraft:iron_boots":1,"minecraft:iron_chestplate":1,"minecraft:shield":1,"minecraft:stick":80,"minecraft:stone_pickaxe":3,"minecraft:iron_ingot":26,"minecraft:iron_pickaxe":1,"minecraft:stone_sword":1,"minecraft:chest":2,"minecraft:iron_leggings":1,"minecraft:torch":148},"minecraft:custom":{"minecraft:interact_with_furnace":17,"minecraft:mob_kills":34,"minecraft:interact_with_crafting_table":12,"minecraft:open_barrel":16,"minecraft:leave_game":6,"minecraft:time_since_death":55556,"minecraft:sleep_in_bed":2,"minecraft:climb_one_cm":2140,"minecraft:time_since_rest":9807,"minecraft:sprint_one_cm":185480,"minecraft:damage_absorbed":120,"minecraft:damage_taken":1736,"minecraft:walk_one_cm":413057,"minecraft:damage_blocked_by_shield":630,"minecraft:drop":1,"minecraft:damage_dealt":4540,"minecraft:swim_one_cm":59088,"minecraft:fly_one_cm":121767,"minecraft:open_chest":17,"minecraft:play_time":100809,"minecraft:deaths":1,"minecraft:walk_under_water_one_cm":17120,"minecraft:jump":1303,"minecraft:interact_with_blast_furnace":1,"minecraft:walk_on_water_one_cm":14676,"minecraft:total_world_time":100809,"minecraft:fall_one_cm":23178},"minecraft:broken":{"minecraft:stone_pickaxe":3,"minecraft:stone_sword":1,"minecraft:wooden_pickaxe":1},"minecraft:killed":{"minecraft:husk":1,"minecraft:cave_spider":2,"minecraft:pig":5,"minecraft:salmon":10,"minecraft:frog":2,"minecraft:skeleton":3,"minecraft:zombie":9,"minecraft:cow":1},"minecraft:mined":{"minecraft:brown_mushroom":1,"minecraft:sculk_vein":4,"minecraft:crafting_table":5,"minecraft:torch":6,"minecraft:emerald_ore":1,"minecraft:grass_block":3,"minecraft:spruce_fence":1,"minecraft:stone_slab":1,"minecraft:cobblestone":7,"minecraft:spruce_leaves":7,"minecraft:cyan_bed":5,"minecraft:moss_block":3,"minecraft:wall_torch":1,"minecraft:spawner":3,"minecraft:black_stained_glass":2,"minecraft:birch_planks":4,"minecraft:furnace":2,"minecraft:birch_log":35,"minecraft:iron_ore":59,"minecraft:sweet_berry_bush":29,"minecraft:birch_leaves":5,"minecraft:peony":1,"minecraft:grass":1,"minecraft:coal_ore":221,"minecraft:dirt":13,"minecraft:cobweb":2,"minecraft:stone":216,"minecraft:fern":2},"minecraft:used":{"minecraft:stone_sword":133,"minecraft:birch_planks":10,"minecraft:stone_pickaxe":395,"minecraft:wooden_pickaxe":59,"minecraft:chest":2,"minecraft:shield":23,"minecraft:iron_sword":175,"minecraft:cooked_salmon":10,"minecraft:torch":150,"minecraft:golden_apple":3,"minecraft:dirt":11,"minecraft:crafting_table":6,"minecraft:carrot":5,"minecraft:bread":7,"minecraft:cyan_bed":3,"minecraft:iron_pickaxe":75,"minecraft:stone_slab":1,"minecraft:stone_axe":28,"minecraft:cobblestone":52,"minecraft:sweet_berries":18,"minecraft:furnace":3,"minecraft:birch_log":6}},"DataVersion":3465}