{"stats":{"minecraft:dropped":{"minecraft:iron_sword":1,"minecraft:sweet_berries":21,"minecraft:rotten_flesh":7,"minecraft:mushroom_stew":1},"minecraft:used":{"minecraft:water_bucket":4,"minecraft:stone_sword":133,"minecraft:birch_planks":10,"minecraft:stone_pickaxe":395,"minecraft:wooden_pickaxe":59,"minecraft:chest":2,"minecraft:shield":27,"minecraft:iron_sword":228,"minecraft:cooked_salmon":10,"minecraft:torch":174,"minecraft:golden_apple":3,"minecraft:dirt":11,"minecraft:crafting_table":6,"minecraft:carrot":6,"minecraft:cake":1,"minecraft:bread":7,"minecraft:cyan_bed":4,"minecraft:iron_pickaxe":100,"minecraft:stone_slab":1,"minecraft:stone_axe":64,"minecraft:bow":3,"minecraft:cobblestone":52,"minecraft:sweet_berries":36,"minecraft:furnace":3,"minecraft:cooked_porkchop":3,"minecraft:bucket":5,"minecraft:birch_log":6,"minecraft:pumpkin_pie":2},"minecraft:custom":{"minecraft:interact_with_furnace":24,"minecraft:mob_kills":43,"minecraft:interact_with_crafting_table":13,"minecraft:open_barrel":16,"minecraft:eat_cake_slice":1,"minecraft:leave_game":6,"minecraft:time_since_death":79340,"minecraft:sleep_in_bed":3,"minecraft:climb_one_cm":2908,"minecraft:time_since_rest":10528,"minecraft:sprint_one_cm":237709,"minecraft:damage_absorbed":120,"minecraft:damage_taken":2207,"minecraft:walk_one_cm":473337,"minecraft:damage_blocked_by_shield":745,"minecraft:drop":24,"minecraft:damage_dealt":5827,"minecraft:swim_one_cm":64738,"minecraft:fly_one_cm":172795,"minecraft:open_chest":28,"minecraft:play_time":124593,"minecraft:deaths":1,"minecraft:walk_under_water_one_cm":18759,"minecraft:jump":1863,"minecraft:interact_with_blast_furnace":1,"minecraft:walk_on_water_one_cm":18788,"minecraft:total_world_time":124593,"minecraft:fall_one_cm":34286},"minecraft:broken":{"minecraft:stone_pickaxe":3,"minecraft:stone_sword":1,"minecraft:wooden_pickaxe":1},"minecraft:picked_up":{"minecraft:birch_log":74,"minecraft:crafting_table":6,"minecraft:salmon":10,"minecraft:leather":1,"minecraft:stone_slab":1,"minecraft:birch_planks":37,"minecraft:mushroom_stew":1,"minecraft:chainmail_chestplate":1,"minecraft:shield":1,"minecraft:moss_carpet":5,"minecraft:dirt":18,"minecraft:string":2,"minecraft:cooked_salmon":2,"minecraft:name_tag":1,"minecraft:armor_stand":2,"minecraft:bone":6,"minecraft:bow":2,"minecraft:iron_ingot":3,"minecraft:beef":2,"minecraft:stone_pickaxe":2,"minecraft:azalea":1,"minecraft:dark_oak_sign":3,"minecraft:iron_pickaxe":1,"minecraft:moss_block":3,"minecraft:iron_sword":3,"minecraft:furnace":3,"minecraft:stick":2,"minecraft:raw_iron":58,"minecraft:sweet_berries":57,"minecraft:big_dripleaf":2,"minecraft:torch":20,"minecraft:porkchop":11,"minecraft:carrot":6,"minecraft:cyan_bed":7,"minecraft:spider_eye":1,"minecraft:leather_helmet":1,"minecraft:arrow":5,"minecraft:rotten_flesh":15,"minecraft:diamond":2,"minecraft:tropical_fish":1,"minecraft:stone_axe":1,"minecraft:peony":1,"minecraft:chainmail_leggings":1,"minecraft:bone_meal":2,"minecraft:golden_apple":2,"minecraft:emerald":1,"minecraft:gold_ingot":18,"minecraft:bread":7,"minecraft:obsidian":2,"minecraft:coal":359,"minecraft:cobblestone":263},"minecraft:killed":{"minecraft:husk":1,"minecraft:cave_spider":2,"minecraft:pig":6,"minecraft:salmon":10,"minecraft:spider":1,"minecraft:frog":2,"minecraft:creeper":1,"minecraft:skeleton":6,"minecraft:zombie":11,"minecraft:cow":1},"minecraft:mined":{"minecraft:brown_mushroom":1,"minecraft:sculk_vein":4,"minecraft:crafting_table":5,"minecraft:torch":7,"minecraft:emerald_ore":1,"minecraft:grass_block":3,"minecraft:spruce_fence":1,"minecraft:mushroom_stem":1,"minecraft:stone_slab":1,"minecraft:cobblestone":7,"minecraft:spruce_leaves":7,"minecraft:cyan_bed":6,"minecraft:moss_block":3,"minecraft:wall_torch":1,"minecraft:big_dripleaf":1,"minecraft:spawner":3,"minecraft:large_fern":2,"minecraft:black_stained_glass":2,"minecraft:birch_planks":4,"minecraft:furnace":2,"minecraft:birch_log":61,"minecraft:iron_ore":59,"minecraft:sweet_berry_bush":29,"minecraft:birch_leaves":10,"minecraft:peony":1,"minecraft:grass":3,"minecraft:coal_ore":240,"minecraft:dirt":13,"minecraft:cobweb":2,"minecraft:stone":222,"minecraft:fern":2},"minecraft:crafted":{"minecraft:cooked_beef":2,"minecraft:cooked_porkchop":11,"minecraft:crafting_table":1,"minecraft:wooden_pickaxe":1,"minecraft:iron_helmet":1,"minecraft:iron_sword":2,"minecraft:furnace":1,"minecraft:cooked_salmon":10,"minecraft:bucket":1,"minecraft:birch_planks":116,"minecraft:stone_axe":1,"minecraft:iron_boots":1,"minecraft:iron_chestplate":1,"minecraft:shield":1,"minecraft:stick":80,"minecraft:stone_pickaxe":3,"minecraft:iron_ingot":58,"minecraft:iron_pickaxe":1,"minecraft:stone_sword":1,"minecraft:chest":2,"minecraft:iron_leggings":1,"minecraft:torch":148}},"DataVersion":3465}