{"stats":{"minecraft:dropped":{"minecraft:iron_sword":1},"minecraft:used":{"minecraft:stone_sword":133,"minecraft:birch_planks":10,"minecraft:stone_pickaxe":395,"minecraft:wooden_pickaxe":59,"minecraft:chest":2,"minecraft:shield":23,"minecraft:iron_sword":133,"minecraft:cooked_salmon":10,"minecraft:torch":149,"minecraft:golden_apple":3,"minecraft:dirt":11,"minecraft:crafting_table":6,"minecraft:carrot":5,"minecraft:bread":7,"minecraft:cyan_bed":3,"minecraft:iron_pickaxe":75,"minecraft:stone_slab":1,"minecraft:stone_axe":27,"minecraft:cobblestone":52,"minecraft:sweet_berries":7,"minecraft:furnace":3,"minecraft:birch_log":6},"minecraft:custom":{"minecraft:interact_with_furnace":17,"minecraft:mob_kills":31,"minecraft:interact_with_crafting_table":12,"minecraft:open_barrel":11,"minecraft:leave_game":4,"minecraft:time_since_death":48943,"minecraft:sleep_in_bed":2,"minecraft:climb_one_cm":918,"minecraft:time_since_rest":3194,"minecraft:sprint_one_cm":175571,"minecraft:damage_absorbed":120,"minecraft:damage_taken":1651,"minecraft:walk_one_cm":365869,"minecraft:damage_blocked_by_shield":630,"minecraft:drop":1,"minecraft:damage_dealt":4141,"minecraft:swim_one_cm":51933,"minecraft:fly_one_cm":113542,"minecraft:open_chest":13,"minecraft:play_time":94196,"minecraft:deaths":1,"minecraft:walk_under_water_one_cm":14966,"minecraft:jump":1219,"minecraft:interact_with_blast_furnace":1,"minecraft:walk_on_water_one_cm":13838,"minecraft:total_world_time":94196,"minecraft:fall_one_cm":21721},"minecraft:broken":{"minecraft:stone_pickaxe":3,"minecraft:stone_sword":1,"minecraft:wooden_pickaxe":1},"minecraft:picked_up":{"minecraft:birch_log":48,"minecraft:crafting_table":6,"minecraft:salmon":10,"minecraft:leather":1,"minecraft:stone_slab":1,"minecraft:birch_planks":37,"minecraft:mushroom_stew":1,"minecraft:shield":1,"minecraft:moss_carpet":2,"minecraft:dirt":18,"minecraft:string":2,"minecraft:cooked_salmon":2,"minecraft:bone":2,"minecraft:iron_ingot":3,"minecraft:beef":2,"minecraft:stone_pickaxe":2,"minecraft:dark_oak_sign":3,"minecraft:iron_pickaxe":1,"minecraft:moss_block":3,"minecraft:iron_sword":3,"minecraft:furnace":3,"minecraft:stick":2,"minecraft:raw_iron":58,"minecraft:sweet_berries":45,"minecraft:torch":19,"minecraft:porkchop":9,"minecraft:carrot":5,"minecraft:cyan_bed":5,"minecraft:spider_eye":1,"minecraft:arrow":4,"minecraft:rotten_flesh":6,"minecraft:diamond":2,"minecraft:stone_axe":1,"minecraft:bone_meal":2,"minecraft:golden_apple":2,"minecraft:emerald":1,"minecraft:bread":7,"minecraft:gold_ingot":18,"minecraft:obsidian":2,"minecraft:coal":340,"minecraft:cobblestone":257},"minecraft:killed":{"minecraft:husk":1,"minecraft:cave_spider":2,"minecraft:pig":5,"minecraft:salmon":10,"minecraft:skeleton":3,"minecraft:zombie":8,"minecraft:cow":1},"minecraft:mined":{"minecraft:brown_mushroom":1,"minecraft:crafting_table":5,"minecraft:torch":6,"minecraft:emerald_ore":1,"minecraft:grass_block":3,"minecraft:stone_slab":1,"minecraft:cobblestone":7,"minecraft:spruce_leaves":7,"minecraft:cyan_bed":4,"minecraft:moss_block":3,"minecraft:wall_torch":1,"minecraft:spawner":3,"minecraft:birch_planks":4,"minecraft:furnace":2,"minecraft:birch_log":35,"minecraft:iron_ore":59,"minecraft:sweet_berry_bush":20,"minecraft:birch_leaves":5,"minecraft:grass":1,"minecraft:coal_ore":221,"minecraft:dirt":13,"minecraft:cobweb":2,"minecraft:stone":216,"minecraft:fern":2},"minecraft:crafted":{"minecraft:crafting_table":1,"minecraft:wooden_pickaxe":1,"minecraft:iron_helmet":1,"minecraft:iron_sword":2,"minecraft:furnace":1,"minecraft:cooked_salmon":10,"minecraft:birch_planks":116,"minecraft:stone_axe":1,"minecraft:iron_boots":1,"minecraft:iron_chestplate":1,"minecraft:shield":1,"minecraft:stick":80,"minecraft:iron_ingot":26,"minecraft:iron_pickaxe":1,"minecraft:stone_pickaxe":3,"minecraft:stone_sword":1,"minecraft:chest":2,"minecraft:iron_leggings":1,"minecraft:torch":148}},"DataVersion":3465}