{"stats":{"minecraft:mined":{"minecraft:white_bed":1,"minecraft:mossy_cobblestone":1,"minecraft:deepslate_diamond_ore":32,"minecraft:cherry_log":47,"minecraft:grass_block":108,"minecraft:coal_block":8,"minecraft:soul_campfire":1,"minecraft:cartography_table":1,"minecraft:chiseled_stone_bricks":1,"minecraft:furnace":2,"minecraft:iron_ore":53,"minecraft:fire":20,"minecraft:deepslate_lapis_ore":2,"minecraft:deepslate_iron_ore":36,"minecraft:stone":125,"minecraft:deepslate_redstone_ore":17,"minecraft:blackstone":86,"minecraft:polished_granite":1,"minecraft:crafting_table":8,"minecraft:torch":1,"minecraft:blast_furnace":5,"minecraft:tall_grass":3,"minecraft:cobblestone":20,"minecraft:deepslate_coal_ore":1,"minecraft:lapis_ore":5,"minecraft:deepslate_gold_ore":13,"minecraft:wall_torch":2,"minecraft:birch_log":37,"minecraft:birch_leaves":1,"minecraft:stone_brick_stairs":1,"minecraft:grass":15,"minecraft:coal_ore":39,"minecraft:cherry_leaves":83,"minecraft:dirt":35,"minecraft:smooth_basalt":10,"minecraft:mossy_stone_bricks":1,"minecraft:gold_ore":5,"minecraft:cyan_candle":2,"minecraft:deepslate":16},"minecraft:used":{"minecraft:beetroot":4,"minecraft:stone_sword":43,"minecraft:chest":2,"minecraft:shield":17,"minecraft:iron_chestplate":1,"minecraft:torch":108,"minecraft:dirt":64,"minecraft:carrot":8,"simplyswords:diamond_scythe":1,"minecraft:iron_axe":88,"minecraft:iron_helmet":1,"minecraft:iron_boots":1,"minecraft:smooth_basalt":10,"minecraft:item_frame":1,"minecraft:soul_soil":1,"minecraft:furnace":2,"minecraft:cobbled_deepslate":1,"minecraft:cherry_log":13,"minecraft:iron_leggings":1,"minecraft:stone_pickaxe":38,"minecraft:blackstone":81,"minecraft:wooden_pickaxe":3,"minecraft:crafting_table":9,"minecraft:mushroom_stew":1,"minecraft:blast_furnace":5,"minecraft:white_bed":2,"minecraft:cake":1,"minecraft:diamond_pickaxe":336,"minecraft:apple":5,"minecraft:diamond_shovel":138,"minecraft:iron_pickaxe":105,"minecraft:stone_axe":13,"minecraft:diamond_sword":147,"minecraft:cobblestone":63,"minecraft:cooked_porkchop":14,"minecraft:porkchop":2,"minecraft:pumpkin_pie":3},"minecraft:custom":{"minecraft:mob_kills":66,"minecraft:interact_with_crafting_table":19,"minecraft:open_barrel":3,"minecraft:eat_cake_slice":3,"minecraft:leave_game":6,"minecraft:time_since_death":89640,"minecraft:climb_one_cm":430,"minecraft:sprint_one_cm":240494,"minecraft:walk_one_cm":169414,"minecraft:damage_blocked_by_shield":605,"minecraft:drop":21,"minecraft:play_time":89640,"minecraft:sneak_time":3972,"minecraft:walk_under_water_one_cm":16628,"minecraft:jump":2046,"minecraft:interact_with_blast_furnace":29,"minecraft:walk_on_water_one_cm":22248,"minecraft:enchant_item":2,"minecraft:total_world_time":89640,"minecraft:interact_with_furnace":9,"minecraft:sleep_in_bed":1,"minecraft:time_since_rest":28500,"minecraft:damage_taken":1548,"minecraft:damage_dealt":11366,"minecraft:swim_one_cm":103207,"minecraft:fly_one_cm":361366,"minecraft:open_chest":18,"minecraft:crouch_one_cm":7946,"minecraft:fall_one_cm":54106},"minecraft:killed":{"minecraft:spider":10,"minecraft:skeleton":10,"minecraft:drowned":2,"minecraft:pig":11,"minecraft:creeper":2,"minecraft:sheep":3,"minecraft:pillager":2,"minecraft:zombie":25},"minecraft:picked_up":{"minecraft:crafting_table":8,"minecraft:potion":2,"minecraft:stone_brick_stairs":1,"friendsandfoes:buttercup":2,"minecraft:shield":1,"minecraft:cornflower":5,"minecraft:string":13,"minecraft:soul_soil":1,"simplyswords:diamond_scythe":1,"minecraft:item_frame":2,"minecraft:blackstone":82,"minecraft:cartography_table":1,"minecraft:cobbled_deepslate":1,"minecraft:white_tulip":1,"minecraft:coal_block":8,"minecraft:furnace":2,"minecraft:raw_iron":89,"minecraft:stick":13,"minecraft:torch":5,"minecraft:bowl":1,"minecraft:porkchop":23,"minecraft:cherry_log":47,"minecraft:redstone":80,"minecraft:arrow":8,"minecraft:rotten_flesh":26,"minecraft:red_tulip":1,"minecraft:mutton":5,"minecraft:white_wool":3,"minecraft:cobblestone":147,"minecraft:birch_log":37,"minecraft:gunpowder":3,"minecraft:lapis_lazuli":50,"minecraft:dirt":201,"minecraft:polished_granite":1,"minecraft:bone":7,"minecraft:orange_tulip":6,"minecraft:wheat_seeds":5,"adventurez:raw_venison":1,"minecraft:raw_gold":18,"minecraft:stone_pickaxe":2,"minecraft:mossy_stone_bricks":1,"minecraft:cyan_candle":6,"simplyswords:diamond_sai":1,"minecraft:smooth_basalt":10,"minecraft:chiseled_stone_bricks":1,"minecraft:dandelion":3,"minecraft:blast_furnace":5,"minecraft:white_bed":1,"minecraft:spider_eye":2,"minecraft:diamond":32,"minecraft:cherry_sapling":12,"minecraft:coal":129},"minecraft:dropped":{"minecraft:wheat_seeds":2,"minecraft:dirt":1,"minecraft:iron_pickaxe":1,"minecraft:stone_axe":1,"minecraft:blackstone":1,"minecraft:stone_sword":1,"minecraft:bowl":2,"simplyswords:diamond_sai":1,"minecraft:rotten_flesh":3,"minecraft:shield":1,"minecraft:mossy_stone_bricks":1,"minecraft:wooden_pickaxe":1,"simplyswords:diamond_scythe":1,"minecraft:stone_pickaxe":3,"minecraft:polished_granite":1},"minecraft:crafted":{"minecraft:cherry_planks":8,"minecraft:coal":72,"minecraft:furnace":1,"minecraft:diamond_shovel":1,"minecraft:iron_boots":1,"minecraft:iron_axe":1,"minecraft:stone_pickaxe":1,"minecraft:chest":2,"minecraft:diamond_sword":1,"minecraft:cooked_porkchop":21,"minecraft:crafting_table":1,"minecraft:wooden_pickaxe":1,"minecraft:iron_helmet":1,"minecraft:birch_planks":52,"minecraft:stone_axe":1,"minecraft:air":0,"minecraft:iron_chestplate":1,"minecraft:diamond_pickaxe":1,"minecraft:shield":1,"minecraft:stick":56,"minecraft:iron_ingot":89,"minecraft:iron_pickaxe":1,"minecraft:stone_sword":1,"minecraft:iron_leggings":1,"minecraft:white_bed":1,"minecraft:torch":124}},"DataVersion":3465}