{"stats":{"minecraft:killed_by":{"adventurez:skeleton_vanguard":1,"minecraft:illusioner":1,"minecraft:vex":1,"adventurez:blaze_guardian":2,"minecraft:skeleton":3,"creeperoverhaul:spruce_creeper":1},"minecraft:used":{"minecraft:nether_brick_fence":3,"minecraft:purple_candle":1,"minecraft:polished_blackstone":1,"minecraft:ladder":1,"minecraft:chest":6,"minecraft:shield":177,"minecraft:stone":198,"minecraft:bell":1,"minecraft:green_terracotta":5,"minecraft:iron_chestplate":3,"minecraft:nether_bricks":371,"simplyswords:diamond_sai":45,"minecraft:carrot":129,"minecraft:polished_deepslate_stairs":1,"minecraft:big_dripleaf":1,"minecraft:lava_bucket":33,"friendsandfoes:totem_of_illusion":1,"minecraft:birch_sapling":2,"minecraft:iron_helmet":3,"minecraft:crimson_roots":1,"minecraft:stone_brick_stairs":7,"minecraft:stone_bricks":5012,"simplyswords:iron_scythe":259,"minecraft:written_book":2,"minecraft:sweet_berries":203,"minecraft:furnace":21,"minecraft:potato":3,"minecraft:damaged_anvil":1,"minecraft:diamond_boots":1,"adventurez:cooked_venison":17,"minecraft:stone_pickaxe":80,"minecraft:ender_pearl":3,"minecraft:wooden_pickaxe":3,"minecraft:clay":1,"minecraft:golden_apple":5,"minecraft:glow_berries":11,"minecraft:sand":19,"minecraft:mushroom_stew":2,"minecraft:blast_furnace":18,"minecraft:blackstone_wall":1,"minecraft:redstone_torch":1,"minecraft:birch_slab":39,"minecraft:bread":133,"minecraft:gravel":5,"minecraft:lilac":4,"morebows:multi_bow":5,"minecraft:coarse_dirt":1,"minecraft:enchanting_table":5,"minecraft:flint_and_steel":6,"morebows:diamond_bow":325,"simplyswords:iron_warglaive":7,"minecraft:stone_hoe":48,"minecraft:cooked_chicken":3,"minecraft:netherrack":272,"minecraft:torch":44,"minecraft:anvil":1,"minecraft:dirt":98,"minecraft:ancient_debris":1,"minecraft:diamond_helmet":2,"minecraft:nether_brick_slab":2,"minecraft:nether_brick_stairs":182,"minecraft:bookshelf":16,"simplyswords:diamond_scythe":708,"minecraft:iron_axe":129,"minecraft:iron_boots":2,"minecraft:diamond_chestplate":3,"minecraft:glowstone":9,"minecraft:basalt":1,"minecraft:lime_stained_glass":30,"minecraft:cobbled_deepslate":36,"minecraft:pointed_dripstone":8,"minecraft:iron_leggings":1,"minecraft:cooked_mutton":9,"minecraft:water_bucket":124,"minecraft:nether_brick_wall":14,"minecraft:birch_planks":11,"minecraft:cyan_candle":10,"morebows:iron_bow":1,"minecraft:birch_boat":2,"minecraft:cauldron":6,"minecraft:stonecutter":1,"minecraft:leather_boots":1,"minecraft:polished_blackstone_bricks":13,"minecraft:gilded_blackstone":1,"maced:mace":11,"minecraft:crafting_table":6,"minecraft:white_bed":3,"bosses_of_mass_destruction:soul_star":11,"minecraft:diamond_pickaxe":6698,"minecraft:diamond_shovel":258,"minecraft:cracked_polished_blackstone_bricks":6,"minecraft:iron_pickaxe":115,"minecraft:stone_slab":2,"minecraft:stone_axe":65,"minecraft:cobblestone":449,"minecraft:white_banner":1,"minecraft:cooked_porkchop":6,"minecraft:bucket":209,"minecraft:pumpkin_pie":23,"minecraft:diamond_leggings":1,"minecraft:green_stained_glass":16},"minecraft:broken":{"minecraft:diamond_helmet":1,"minecraft:iron_boots":1,"minecraft:diamond_pickaxe":1,"simplyswords:iron_scythe":1,"minecraft:shield":2,"minecraft:iron_helmet":1},"minecraft:crafted":{"simplyswords:iron_katana":1,"minecraft:cooked_chicken":3,"minecraft:birch_boat":2,"minecraft:chain":3,"minecraft:birch_slab":36,"minecraft:slime_block":4,"minecraft:stone":5928,"minecraft:diamond_shovel":1,"minecraft:bookshelf":20,"minecraft:nether_brick":512,"minecraft:diamond_helmet":1,"minecraft:diamond_leggings":2,"minecraft:iron_boots":2,"minecraft:chest":3,"morebows:iron_bow":2,"minecraft:stone_hoe":1,"minecraft:stone_bricks":5468,"minecraft:emerald":9,"minecraft:cauldron":2,"minecraft:crafting_table":3,"simplyswords:iron_claymore":1,"minecraft:spruce_planks":4,"minecraft:wooden_pickaxe":1,"minecraft:iron_helmet":2,"minecraft:copper_ingot":3,"minecraft:birch_planks":304,"simplyswords:iron_scythe":1,"minecraft:stone_brick_stairs":4,"minecraft:iron_chestplate":2,"minecraft:book":1,"minecraft:paper":3,"minecraft:diamond_pickaxe":3,"torchesntrinkets:lantern_belt":2,"minecraft:shield":7,"minecraft:stick":48,"minecraft:iron_ingot":107,"minecraft:iron_pickaxe":2,"minecraft:iron_block":4,"minecraft:gold_ingot":18,"morebows:diamond_bow":1,"torchesntrinkets:soul_lantern_belt":1,"simplyswords:iron_sai":1,"simplyswords:diamond_scythe":1,"minecraft:iron_nugget":45,"minecraft:furnace":15,"simplyswords:iron_warglaive":1,"minecraft:flint_and_steel":1,"minecraft:lantern":2,"minecraft:iron_axe":1,"minecraft:stone_pickaxe":1,"minecraft:diamond_boots":1,"minecraft:netherite_scrap":6,"minecraft:wheat":396,"morebows:multi_bow":1,"minecraft:enchanting_table":1,"minecraft:nether_bricks":128,"minecraft:bucket":3,"minecraft:stone_axe":1,"minecraft:glowstone":5,"minecraft:air":0,"minecraft:bread":132,"minecraft:golden_apple":4,"maced:mace":1,"minecraft:iron_leggings":2,"minecraft:stonecutter":1,"minecraft:anvil":1,"minecraft:white_bed":1,"minecraft:torch":44,"simplyswords:diamond_claymore":1,"minecraft:nether_brick_stairs":200,"minecraft:clay":1,"minecraft:diamond_chestplate":2,"adventurez:cooked_venison":18},"minecraft:dropped":{"minecraft:iron_sword":6,"minecraft:moss_block":1,"minecraft:crossbow":7,"minecraft:glow_item_frame":1,"minecraft:saddle":3,"simplyswords:diamond_claymore":1,"minecraft:emerald":1,"minecraft:dirt":16,"minecraft:cooked_cod":11,"minecraft:chain":1,"minecraft:polished_blackstone_bricks":4,"minecraft:sand":4,"minecraft:iron_pickaxe":4,"simplyswords:iron_sai":1,"minecraft:cyan_carpet":9,"minecraft:bone":49,"minecraft:polished_blackstone_wall":2,"minecraft:stone_axe":1,"torchesntrinkets:lantern_belt":2,"simplyswords:iron_katana":1,"minecraft:cobbled_deepslate":8,"minecraft:nether_brick":1,"immersive_melodies:flute":1,"minecraft:rotten_flesh":45,"minecraft:diamond_shovel":1,"minecraft:warped_sign":2,"minecraft:nether_brick_fence":4,"bosses_of_mass_destruction:soul_star":1,"minecraft:leather_chestplate":1,"minecraft:leather_boots":1,"bosses_of_mass_destruction:blazing_eye":1,"minecraft:arrow":112,"minecraft:netherrack":56,"simplyswords:gold_halberd":1,"minecraft:bread":51,"minecraft:iron_ingot":8,"morebows:diamond_bow":2,"minecraft:wheat_seeds":3,"minecraft:lilac":3,"minecraft:diamond_leggings":1,"minecraft:cobblestone":1,"minecraft:tropical_fish":1,"minecraft:chainmail_helmet":1,"minecraft:grass_block":2,"minecraft:coal":17,"minecraft:torch":14,"minecraft:iron_axe":2,"minecraft:flowering_azalea":1,"minecraft:white_banner":2,"minecraft:pink_tulip":2,"minecraft:moss_carpet":6,"minecraft:sweet_berries":25,"minecraft:green_terracotta":1,"minecraft:player_head":1,"minecraft:stone_sword":1,"minecraft:bowl":1,"minecraft:tuff":7,"simplyswords:diamond_sai":1,"minecraft:clay_ball":4,"minecraft:nether_bricks":33,"minecraft:hay_block":23,"minecraft:shield":3,"minecraft:flower_pot":2,"minecraft:diamond_chestplate":1,"minecraft:diamond_pickaxe":1,"minecraft:golden_leggings":1,"minecraft:spider_eye":1,"minecraft:stone_bricks":5,"minecraft:birch_boat":1,"minecraft:bow":1,"minecraft:stone_pickaxe":1,"simplyswords:diamond_scythe":1,"minecraft:wooden_pickaxe":2,"minecraft:raw_gold":1,"simplyswords:iron_warglaive":1,"simplyswords:iron_claymore":1},"minecraft:custom":{"minecraft:interact_with_crafting_table":111,"minecraft:open_barrel":136,"minecraft:bell_ring":55,"minecraft:leave_game":20,"minecraft:time_since_death":132832,"minecraft:sprint_one_cm":2169416,"minecraft:damage_blocked_by_shield":4405,"minecraft:drop":178,"minecraft:talked_to_villager":1,"minecraft:play_time":876533,"minecraft:deaths":10,"minecraft:jump":12017,"minecraft:interact_with_brewingstand":2,"minecraft:walk_on_water_one_cm":54277,"minecraft:enchant_item":19,"minecraft:interact_with_furnace":666,"minecraft:interact_with_cartography_table":1,"minecraft:interact_with_loom":2,"minecraft:sleep_in_bed":22,"minecraft:damage_dealt":60302,"minecraft:crouch_one_cm":227182,"minecraft:interact_with_smoker":3,"minecraft:use_cauldron":36,"minecraft:inspect_dispenser":12,"minecraft:interact_with_anvil":12,"minecraft:mob_kills":519,"minecraft:climb_one_cm":10896,"minecraft:walk_one_cm":2572438,"minecraft:damage_dealt_absorbed":320,"minecraft:sneak_time":57158,"minecraft:walk_under_water_one_cm":98493,"minecraft:boat_one_cm":41504,"minecraft:interact_with_lectern":2,"minecraft:interact_with_blast_furnace":3,"minecraft:total_world_time":876533,"minecraft:interact_with_stonecutter":2,"minecraft:interact_with_grindstone":1,"minecraft:time_since_rest":116750,"minecraft:damage_taken":14319,"minecraft:damage_absorbed":172,"minecraft:trigger_trapped_chest":3,"minecraft:swim_one_cm":120259,"minecraft:fly_one_cm":2761430,"minecraft:open_chest":419,"minecraft:fall_one_cm":390244},"minecraft:picked_up":{"minecraft:iron_chestplate":4,"minecraft:nether_brick_fence":7,"minecraft:flower_pot":3,"minecraft:smithing_table":1,"minecraft:stone_slab":2,"minecraft:potion":1,"minecraft:wither_rose":2,"minecraft:enchanted_book":1,"minecraft:gilded_blackstone":1,"minecraft:nether_brick":1,"minecraft:stone_brick_stairs":3,"torchesntrinkets:soul_lantern_belt":2,"minecraft:string":37,"minecraft:raw_copper":38,"minecraft:iron_leggings":4,"simplyswords:diamond_scythe":2,"minecraft:armor_stand":4,"minecraft:diamond_leggings":1,"minecraft:gold_nugget":3,"minecraft:cobbled_deepslate":44,"bosses_of_mass_destruction:soul_star":15,"minecraft:redstone_torch":1,"minecraft:iron_pickaxe":4,"minecraft:coal_block":5,"minecraft:iron_boots":5,"minecraft:furnace":6,"minecraft:tipped_arrow":2,"minecraft:stick":17,"minecraft:big_dripleaf":6,"minecraft:polished_deepslate_stairs":1,"minecraft:torch":60,"morebows:multi_bow":4,"minecraft:pointed_dripstone":2,"minecraft:green_terracotta":6,"minecraft:stone_sword":2,"minecraft:rotten_flesh":94,"minecraft:tropical_fish":1,"minecraft:blackstone_wall":1,"minecraft:end_rod":28,"immersive_melodies:flute":1,"minecraft:blaze_rod":12,"minecraft:obsidian":5,"morebows:diamond_bow":4,"minecraft:cobblestone":5302,"minecraft:birch_log":76,"minecraft:enchanting_table":3,"minecraft:leather_chestplate":1,"minecraft:feather":4,"minecraft:lilac":8,"minecraft:magma_cream":3,"minecraft:birch_slab":4,"minecraft:water_bucket":4,"minecraft:golden_leggings":1,"minecraft:potato":3,"minecraft:flint":10,"minecraft:tuff":7,"minecraft:wither_skeleton_skull":1,"minecraft:map":2,"minecraft:lapis_lazuli":34,"minecraft:dirt":210,"minecraft:bone":195,"minecraft:bow":4,"minecraft:wheat_seeds":5,"minecraft:raw_gold":34,"adventurez:raw_venison":18,"minecraft:bell":3,"minecraft:cyan_candle":2,"minecraft:diamond_helmet":1,"minecraft:moss_block":1,"simplyswords:diamond_sai":1,"maced:mace":2,"minecraft:ghast_tear":6,"minecraft:cooked_porkchop":3,"minecraft:sand":23,"minecraft:nether_brick_stairs":19,"minecraft:grass_block":3,"minecraft:diamond":15,"minecraft:slime_block":1,"minecraft:soul_lantern":9,"minecraft:cracked_polished_blackstone_bricks":6,"minecraft:crossbow":10,"minecraft:bone_meal":1,"minecraft:golden_apple":3,"minecraft:chainmail_helmet":1,"minecraft:emerald":35,"minecraft:bread":147,"minecraft:netherrack":286,"minecraft:crimson_roots":4,"minecraft:diamond_pickaxe":6,"minecraft:coarse_dirt":1,"minecraft:crafting_table":4,"minecraft:ladder":1,"minecraft:chicken":3,"minecraft:nether_wart":11,"minecraft:clay_ball":24,"minecraft:wooden_pickaxe":1,"friendsandfoes:totem_of_illusion":1,"minecraft:gold_block":1,"minecraft:chain":1,"minecraft:shield":7,"minecraft:moss_carpet":6,"minecraft:iron_axe":8,"minecraft:item_frame":1,"minecraft:polished_blackstone_wall":2,"minecraft:cyan_carpet":9,"torchesntrinkets:lantern_belt":4,"minecraft:netherite_sword":1,"minecraft:player_head":1,"minecraft:iron_nugget":64,"minecraft:sugar_cane":12,"minecraft:chest":2,"minecraft:birch_sapling":3,"minecraft:egg":2,"minecraft:raw_iron":78,"minecraft:stone":1,"minecraft:glow_item_frame":1,"minecraft:polished_blackstone_bricks":17,"minecraft:carrot":121,"minecraft:purple_candle":1,"minecraft:arrow":164,"minecraft:diamond_chestplate":2,"minecraft:cooked_cod":11,"simplyswords:iron_scythe":4,"minecraft:nether_bricks":1018,"minecraft:diamond_boots":1,"minecraft:hay_block":67,"bosses_of_mass_destruction:blazing_eye":1,"minecraft:pink_tulip":2,"minecraft:warped_sign":2,"minecraft:saddle":5,"minecraft:gold_ingot":12,"minecraft:totem_of_undying":5,"minecraft:polished_blackstone":1,"minecraft:glow_berries":11,"minecraft:white_wool":15,"minecraft:basalt":1,"minecraft:leather":28,"minecraft:birch_planks":185,"simplyswords:iron_claymore":1,"minecraft:ancient_debris":6,"minecraft:gunpowder":30,"minecraft:white_banner":7,"minecraft:cooked_mutton":22,"minecraft:stone_bricks":572,"simplyswords:iron_warglaive":1,"minecraft:iron_ingot":23,"minecraft:stone_pickaxe":1,"minecraft:glass_bottle":1,"minecraft:iron_sword":6,"minecraft:flowering_azalea":1,"minecraft:soul_sand":10,"minecraft:book":130,"minecraft:emerald_block":1,"minecraft:birch_boat":2,"minecraft:sweet_berries":463,"minecraft:gravel":125,"minecraft:amethyst_shard":17,"minecraft:green_stained_glass":16,"minecraft:red_banner":1,"minecraft:blast_furnace":18,"minecraft:white_bed":2,"minecraft:spruce_log":2,"minecraft:nether_brick_slab":2,"minecraft:spider_eye":9,"adventurez:cooked_venison":13,"simplyswords:gold_halberd":1,"minecraft:stone_axe":2,"minecraft:iron_helmet":4,"minecraft:damaged_anvil":1,"minecraft:coal":232,"minecraft:ender_pearl":18},"minecraft:mined":{"minecraft:dark_oak_planks":1,"minecraft:sculk_vein":1,"minecraft:orange_stained_glass":3,"minecraft:spruce_trapdoor":1,"minecraft:obsidian":4,"minecraft:grass_block":2,"minecraft:cracked_polished_blackstone_bricks":4,"minecraft:coal_block":5,"minecraft:nether_wart":2,"minecraft:spawner":5,"minecraft:gilded_blackstone":1,"minecraft:polished_blackstone_bricks":12,"minecraft:weeping_vines_plant":1,"minecraft:iron_ore":41,"minecraft:cobbled_deepslate":4,"minecraft:fire":83,"minecraft:nether_brick_stairs":24,"minecraft:enchanting_table":3,"minecraft:pink_tulip":2,"minecraft:stripped_mangrove_wood":2,"minecraft:white_banner":1,"minecraft:player_head":1,"minecraft:tripwire":1,"minecraft:polished_blackstone_wall":2,"minecraft:polished_deepslate_stairs":1,"minecraft:crimson_nylium":4,"minecraft:soul_fire":66,"minecraft:soul_lantern":9,"minecraft:clay":2,"minecraft:torch":3,"minecraft:blast_furnace":18,"minecraft:calcite":8,"minecraft:chest":1,"minecraft:nether_brick_slab":2,"minecraft:spruce_wall_sign":1,"minecraft:cobblestone":73,"minecraft:sugar_cane":2,"minecraft:damaged_anvil":1,"minecraft:wall_torch":1,"minecraft:deepslate_copper_ore":1,"minecraft:birch_log":78,"minecraft:lilac":4,"minecraft:stone_brick_stairs":3,"minecraft:grass":22,"minecraft:dirt":150,"minecraft:sand":19,"minecraft:wither_skeleton_skull":1,"minecraft:ancient_debris":6,"minecraft:netherrack":235,"minecraft:deepslate":44,"minecraft:cyan_candle":4,"minecraft:dark_prismarine":1,"minecraft:diamond_ore":2,"minecraft:tuff":7,"minecraft:potted_wither_rose":2,"minecraft:deepslate_diamond_ore":10,"minecraft:blackstone_wall":1,"minecraft:purple_candle":1,"minecraft:nether_bricks":1002,"minecraft:crimson_roots":2,"minecraft:birch_slab":3,"minecraft:hay_block":68,"minecraft:black_stained_glass_pane":2,"minecraft:furnace":6,"minecraft:carrots":33,"minecraft:gold_block":1,"minecraft:bell":1,"minecraft:nether_brick_fence":7,"minecraft:bookshelf":47,"minecraft:potatoes":1,"minecraft:deepslate_iron_ore":27,"minecraft:vine":1,"bosses_of_mass_destruction:gauntlet_blackstone":1,"minecraft:stone":4508,"minecraft:white_wool":3,"minecraft:smithing_table":1,"minecraft:soul_sand":10,"minecraft:basalt":1,"minecraft:crafting_table":3,"minecraft:campfire":2,"minecraft:lectern":1,"minecraft:stone_slab":3,"minecraft:copper_ore":10,"minecraft:tall_grass":12,"minecraft:deepslate_coal_ore":3,"minecraft:deepslate_gold_ore":11,"minecraft:sculk":18,"minecraft:diorite":1,"minecraft:birch_planks":2,"minecraft:coarse_dirt":1,"minecraft:redstone_torch":1,"minecraft:sweet_berry_bush":27,"minecraft:birch_leaves":7,"minecraft:white_wall_banner":1,"minecraft:bee_nest":1,"minecraft:red_wall_banner":1,"minecraft:coal_ore":151,"minecraft:cyan_carpet":4,"minecraft:flower_pot":1,"minecraft:end_rod":14,"minecraft:gravel":129,"minecraft:polished_blackstone":1,"minecraft:stone_bricks":596,"minecraft:gold_ore":6,"minecraft:fern":2},"minecraft:killed":{"minecraft:cave_spider":1,"minecraft:witch":1,"minecraft:spider":29,"minecraft:cod":11,"adventurez:necromancer":1,"creeperoverhaul:dripstone_creeper":1,"minecraft:skeleton":102,"minecraft:bee":1,"adventurez:blaze_guardian":3,"minecraft:chicken":3,"creeperoverhaul:cave_creeper":1,"minecraft:illusioner":3,"minecraft:magma_cube":18,"minecraft:piglin":6,"minecraft:pig":1,"minecraft:zombie_villager":1,"minecraft:creeper":32,"minecraft:sheep":6,"minecraft:pillager":71,"minecraft:zombie":103,"minecraft:ghast":11,"minecraft:blaze":15,"minecraft:evoker":3,"minecraft:vex":9,"adventurez:nightmare":1,"minecraft:vindicator":33,"adventurez:soul_reaper":1,"creeperoverhaul:spruce_creeper":1,"adventurez:skeleton_vanguard":2,"minecraft:ravager":4,"minecraft:hoglin":1,"adventurez:deer":9,"minecraft:wither_skeleton":21,"minecraft:enderman":4}},"DataVersion":3465}