{"stats":{"minecraft:dropped":{"minecraft:moss_block":1,"simplyswords:diamond_claymore":1,"minecraft:emerald":1,"minecraft:cooked_cod":11,"minecraft:sand":4,"minecraft:iron_pickaxe":1,"simplyswords:iron_sai":1,"minecraft:cyan_carpet":9,"minecraft:bone":47,"minecraft:stone_axe":1,"torchesntrinkets:lantern_belt":2,"simplyswords:iron_katana":1,"minecraft:cobbled_deepslate":4,"immersive_melodies:flute":1,"minecraft:rotten_flesh":23,"minecraft:netherrack":3,"minecraft:iron_ingot":8,"minecraft:bread":51,"minecraft:wheat_seeds":3,"minecraft:lilac":3,"minecraft:cobblestone":1,"minecraft:tropical_fish":1,"minecraft:grass_block":2,"minecraft:coal":14,"minecraft:torch":14,"minecraft:flowering_azalea":1,"minecraft:pink_tulip":2,"minecraft:moss_carpet":6,"minecraft:sweet_berries":25,"minecraft:player_head":1,"minecraft:stone_sword":1,"minecraft:bowl":1,"simplyswords:diamond_sai":1,"minecraft:clay_ball":4,"minecraft:hay_block":23,"minecraft:shield":3,"minecraft:flower_pot":1,"minecraft:diamond_pickaxe":1,"minecraft:golden_leggings":1,"minecraft:stone_bricks":1,"minecraft:spider_eye":1,"minecraft:birch_boat":1,"simplyswords:diamond_scythe":1,"minecraft:bow":1,"minecraft:stone_pickaxe":1,"minecraft:wooden_pickaxe":2,"minecraft:raw_gold":1,"simplyswords:iron_claymore":1},"minecraft:used":{"minecraft:purple_candle":1,"minecraft:chest":6,"minecraft:shield":95,"minecraft:stone":193,"minecraft:bell":1,"minecraft:iron_chestplate":3,"simplyswords:diamond_sai":45,"minecraft:big_dripleaf":1,"minecraft:polished_deepslate_stairs":1,"minecraft:lava_bucket":15,"friendsandfoes:totem_of_illusion":1,"minecraft:birch_sapling":2,"minecraft:iron_helmet":3,"minecraft:stone_bricks":608,"simplyswords:iron_scythe":259,"minecraft:sweet_berries":203,"minecraft:furnace":21,"minecraft:damaged_anvil":1,"adventurez:cooked_venison":17,"minecraft:stone_pickaxe":80,"minecraft:wooden_pickaxe":3,"minecraft:ender_pearl":1,"minecraft:clay":1,"minecraft:glow_berries":11,"minecraft:sand":19,"minecraft:mushroom_stew":2,"minecraft:redstone_torch":1,"minecraft:birch_slab":39,"minecraft:bread":37,"minecraft:gravel":5,"minecraft:lilac":4,"morebows:multi_bow":5,"minecraft:coarse_dirt":1,"minecraft:enchanting_table":2,"minecraft:flint_and_steel":5,"morebows:diamond_bow":73,"simplyswords:iron_warglaive":7,"minecraft:cooked_chicken":3,"minecraft:netherrack":3,"minecraft:torch":44,"minecraft:dirt":44,"minecraft:bookshelf":16,"simplyswords:diamond_scythe":250,"minecraft:iron_axe":121,"minecraft:iron_boots":2,"minecraft:diamond_chestplate":1,"minecraft:cobbled_deepslate":36,"minecraft:pointed_dripstone":6,"minecraft:iron_leggings":1,"minecraft:cooked_mutton":9,"minecraft:water_bucket":20,"minecraft:birch_planks":7,"minecraft:cyan_candle":10,"morebows:iron_bow":1,"minecraft:birch_boat":2,"minecraft:cauldron":4,"maced:mace":5,"minecraft:crafting_table":6,"minecraft:white_bed":3,"bosses_of_mass_destruction:soul_star":10,"minecraft:diamond_pickaxe":3038,"minecraft:diamond_shovel":258,"minecraft:iron_pickaxe":115,"minecraft:stone_slab":2,"minecraft:stone_axe":65,"minecraft:cobblestone":400,"minecraft:cooked_porkchop":1,"minecraft:bucket":54},"minecraft:broken":{"minecraft:iron_boots":1,"minecraft:diamond_pickaxe":1,"simplyswords:iron_scythe":1,"minecraft:iron_helmet":1},"minecraft:custom":{"minecraft:interact_with_crafting_table":87,"minecraft:open_barrel":36,"minecraft:bell_ring":1,"minecraft:leave_game":7,"minecraft:time_since_death":247490,"minecraft:sprint_one_cm":1104024,"minecraft:damage_blocked_by_shield":3375,"minecraft:drop":85,"minecraft:talked_to_villager":1,"minecraft:play_time":409197,"minecraft:deaths":8,"minecraft:jump":6539,"minecraft:walk_on_water_one_cm":46035,"minecraft:enchant_item":12,"minecraft:interact_with_furnace":336,"minecraft:interact_with_cartography_table":1,"minecraft:interact_with_loom":1,"minecraft:sleep_in_bed":17,"minecraft:damage_dealt":35265,"minecraft:crouch_one_cm":69630,"minecraft:use_cauldron":10,"minecraft:mob_kills":235,"minecraft:climb_one_cm":4375,"minecraft:walk_one_cm":1221857,"minecraft:sneak_time":21264,"minecraft:walk_under_water_one_cm":54091,"minecraft:boat_one_cm":41504,"minecraft:interact_with_blast_furnace":1,"minecraft:total_world_time":409197,"minecraft:time_since_rest":6813,"minecraft:damage_taken":6522,"minecraft:swim_one_cm":118727,"minecraft:fly_one_cm":1452677,"minecraft:open_chest":196,"minecraft:fall_one_cm":188786},"minecraft:killed_by":{"adventurez:skeleton_vanguard":1,"minecraft:illusioner":1,"adventurez:blaze_guardian":1,"minecraft:skeleton":3,"creeperoverhaul:spruce_creeper":1},"minecraft:picked_up":{"minecraft:iron_chestplate":4,"minecraft:flower_pot":2,"minecraft:smithing_table":1,"minecraft:stone_slab":2,"minecraft:wither_rose":1,"minecraft:string":31,"minecraft:raw_copper":38,"simplyswords:diamond_scythe":1,"minecraft:iron_leggings":4,"minecraft:armor_stand":4,"minecraft:cobbled_deepslate":40,"bosses_of_mass_destruction:soul_star":12,"minecraft:redstone_torch":1,"minecraft:iron_pickaxe":2,"minecraft:coal_block":5,"minecraft:furnace":6,"minecraft:iron_boots":4,"minecraft:stick":17,"minecraft:big_dripleaf":6,"minecraft:polished_deepslate_stairs":1,"minecraft:torch":42,"morebows:multi_bow":4,"minecraft:pointed_dripstone":2,"minecraft:stone_sword":1,"minecraft:rotten_flesh":62,"minecraft:tropical_fish":1,"immersive_melodies:flute":1,"minecraft:blaze_rod":4,"minecraft:obsidian":4,"minecraft:cobblestone":3382,"minecraft:birch_log":69,"minecraft:enchanting_table":1,"minecraft:feather":4,"minecraft:lilac":8,"minecraft:birch_slab":4,"minecraft:water_bucket":4,"minecraft:golden_leggings":1,"minecraft:flint":10,"minecraft:lapis_lazuli":13,"minecraft:dirt":204,"minecraft:bone":124,"minecraft:bow":4,"minecraft:wheat_seeds":5,"minecraft:raw_gold":13,"adventurez:raw_venison":18,"minecraft:bell":3,"minecraft:cyan_candle":2,"minecraft:moss_block":1,"simplyswords:diamond_sai":1,"minecraft:cooked_porkchop":2,"minecraft:sand":23,"minecraft:grass_block":3,"minecraft:diamond":11,"minecraft:soul_lantern":9,"minecraft:bone_meal":1,"minecraft:emerald":1,"minecraft:chainmail_helmet":1,"minecraft:bread":58,"minecraft:netherrack":6,"minecraft:diamond_pickaxe":5,"minecraft:crafting_table":4,"minecraft:coarse_dirt":1,"minecraft:chicken":3,"minecraft:clay_ball":24,"friendsandfoes:totem_of_illusion":1,"minecraft:wooden_pickaxe":1,"minecraft:shield":5,"minecraft:moss_carpet":6,"minecraft:iron_axe":4,"minecraft:cyan_carpet":9,"torchesntrinkets:lantern_belt":4,"minecraft:player_head":1,"minecraft:sugar_cane":12,"minecraft:chest":2,"minecraft:birch_sapling":3,"minecraft:egg":2,"minecraft:raw_iron":78,"minecraft:stone":1,"minecraft:carrot":1,"minecraft:purple_candle":1,"minecraft:cooked_cod":11,"minecraft:arrow":105,"simplyswords:iron_scythe":4,"minecraft:hay_block":67,"minecraft:pink_tulip":2,"minecraft:glow_berries":11,"minecraft:white_wool":15,"minecraft:leather":28,"minecraft:birch_planks":155,"simplyswords:iron_claymore":1,"minecraft:gunpowder":19,"minecraft:white_banner":1,"minecraft:cooked_mutton":22,"minecraft:stone_bricks":194,"minecraft:iron_ingot":23,"minecraft:stone_pickaxe":1,"minecraft:flowering_azalea":1,"minecraft:book":129,"minecraft:birch_boat":2,"minecraft:sweet_berries":455,"minecraft:gravel":125,"minecraft:red_banner":1,"minecraft:blast_furnace":18,"minecraft:white_bed":2,"minecraft:spruce_log":2,"minecraft:spider_eye":9,"adventurez:cooked_venison":13,"minecraft:stone_axe":2,"minecraft:iron_helmet":4,"minecraft:damaged_anvil":1,"minecraft:coal":208,"minecraft:ender_pearl":7},"minecraft:killed":{"minecraft:cave_spider":1,"minecraft:witch":1,"minecraft:spider":25,"minecraft:cod":11,"creeperoverhaul:dripstone_creeper":1,"minecraft:skeleton":73,"minecraft:bee":1,"adventurez:blaze_guardian":1,"minecraft:chicken":3,"creeperoverhaul:cave_creeper":1,"minecraft:illusioner":1,"minecraft:pig":1,"minecraft:zombie_villager":1,"minecraft:creeper":15,"minecraft:sheep":6,"minecraft:pillager":6,"minecraft:zombie":64,"minecraft:vindicator":1,"creeperoverhaul:spruce_creeper":1,"adventurez:skeleton_vanguard":2,"minecraft:hoglin":1,"adventurez:deer":9,"minecraft:enderman":3},"minecraft:mined":{"minecraft:dark_oak_planks":1,"minecraft:sculk_vein":1,"minecraft:obsidian":4,"minecraft:spruce_trapdoor":1,"minecraft:grass_block":2,"minecraft:coal_block":5,"minecraft:spawner":5,"minecraft:iron_ore":41,"minecraft:fire":7,"minecraft:enchanting_table":1,"minecraft:pink_tulip":2,"minecraft:white_banner":1,"minecraft:stripped_mangrove_wood":2,"minecraft:player_head":1,"minecraft:polished_deepslate_stairs":1,"minecraft:soul_lantern":9,"minecraft:clay":2,"minecraft:torch":3,"minecraft:blast_furnace":18,"minecraft:calcite":8,"minecraft:chest":1,"minecraft:spruce_wall_sign":1,"minecraft:cobblestone":73,"minecraft:sugar_cane":2,"minecraft:damaged_anvil":1,"minecraft:wall_torch":1,"minecraft:deepslate_copper_ore":1,"minecraft:birch_log":71,"minecraft:lilac":4,"minecraft:grass":22,"minecraft:sand":19,"minecraft:dirt":144,"minecraft:netherrack":3,"minecraft:cyan_candle":4,"minecraft:deepslate":44,"minecraft:dark_prismarine":1,"minecraft:diamond_ore":1,"minecraft:potted_wither_rose":1,"minecraft:deepslate_diamond_ore":10,"minecraft:purple_candle":1,"minecraft:birch_slab":3,"minecraft:hay_block":68,"minecraft:furnace":6,"minecraft:bell":1,"minecraft:bookshelf":47,"minecraft:deepslate_iron_ore":27,"minecraft:vine":1,"minecraft:stone":2593,"minecraft:white_wool":3,"minecraft:smithing_table":1,"minecraft:crafting_table":3,"minecraft:lectern":1,"minecraft:campfire":2,"minecraft:stone_slab":3,"minecraft:tall_grass":11,"minecraft:copper_ore":10,"minecraft:deepslate_coal_ore":3,"minecraft:deepslate_gold_ore":11,"minecraft:sculk":18,"minecraft:diorite":1,"minecraft:birch_planks":2,"minecraft:coarse_dirt":1,"minecraft:redstone_torch":1,"minecraft:sweet_berry_bush":24,"minecraft:birch_leaves":7,"minecraft:bee_nest":1,"minecraft:red_wall_banner":1,"minecraft:coal_ore":140,"minecraft:gravel":129,"minecraft:cyan_carpet":4,"minecraft:stone_bricks":192,"minecraft:gold_ore":1,"minecraft:fern":2},"minecraft:crafted":{"simplyswords:iron_katana":1,"minecraft:chain":3,"minecraft:birch_boat":2,"minecraft:cooked_chicken":3,"minecraft:birch_slab":36,"minecraft:stone":2190,"minecraft:diamond_shovel":1,"minecraft:bookshelf":20,"minecraft:diamond_helmet":1,"minecraft:diamond_leggings":1,"minecraft:iron_boots":2,"minecraft:chest":3,"morebows:iron_bow":2,"minecraft:stone_bricks":768,"minecraft:crafting_table":3,"simplyswords:iron_claymore":1,"minecraft:spruce_planks":4,"minecraft:wooden_pickaxe":1,"minecraft:iron_helmet":2,"minecraft:copper_ingot":3,"minecraft:birch_planks":276,"simplyswords:iron_scythe":1,"minecraft:iron_chestplate":2,"minecraft:book":1,"minecraft:paper":3,"minecraft:diamond_pickaxe":2,"torchesntrinkets:lantern_belt":2,"minecraft:shield":5,"minecraft:stick":44,"minecraft:iron_ingot":100,"minecraft:iron_pickaxe":2,"minecraft:iron_block":1,"minecraft:gold_ingot":9,"torchesntrinkets:soul_lantern_belt":1,"morebows:diamond_bow":1,"simplyswords:iron_sai":1,"simplyswords:diamond_scythe":1,"minecraft:iron_nugget":45,"minecraft:furnace":15,"simplyswords:iron_warglaive":1,"minecraft:flint_and_steel":1,"minecraft:lantern":2,"minecraft:iron_axe":1,"minecraft:stone_pickaxe":1,"minecraft:diamond_boots":1,"minecraft:wheat":189,"morebows:multi_bow":1,"minecraft:enchanting_table":1,"minecraft:bucket":2,"minecraft:stone_axe":1,"minecraft:bread":63,"minecraft:air":0,"maced:mace":1,"minecraft:iron_leggings":2,"minecraft:white_bed":1,"minecraft:torch":44,"simplyswords:diamond_claymore":1,"minecraft:clay":1,"minecraft:diamond_chestplate":1,"adventurez:cooked_venison":18}},"DataVersion":3465}