{"stats":{"minecraft:custom":{"minecraft:jump":75,"minecraft:time_since_rest":14422,"minecraft:damage_dealt":75,"minecraft:sprint_one_cm":9134,"minecraft:leave_game":4,"minecraft:play_time":14422,"minecraft:damage_taken":80,"minecraft:time_since_death":14422,"minecraft:walk_one_cm":6226,"minecraft:sneak_time":370,"minecraft:total_world_time":14422,"minecraft:drop":1,"minecraft:fall_one_cm":2508,"minecraft:fly_one_cm":47359},"minecraft:picked_up":{"minecraft:dirt":8},"minecraft:dropped":{"minecraft:dirt":1},"minecraft:used":{"minecraft:dirt":7},"minecraft:mined":{"minecraft:tall_grass":1,"minecraft:grass_block":6,"minecraft:dirt":1}},"DataVersion":3465}