{"stats":{"minecraft:killed_by":{"minecraft:creeper":1,"minecraft:magma_cube":1,"minecraft:cave_spider":1,"minecraft:illusioner":3,"bosses_of_mass_destruction:gauntlet":3,"minecraft:spider":1,"minecraft:enderman":1,"adventurez:amethyst_golem":1,"minecraft:warden":1,"minecraft:skeleton":8},"minecraft:used":{"minecraft:moss_block":3,"minecraft:purple_candle":2,"minecraft:chest":6,"minecraft:shield":76,"minecraft:iron_sword":11,"minecraft:iron_chestplate":1,"minecraft:nether_bricks":30,"minecraft:carrot":74,"friendsandfoes:totem_of_illusion":1,"minecraft:item_frame":2,"minecraft:golden_sword":32,"minecraft:bow":15,"minecraft:sweet_berries":40,"minecraft:cooked_cod":11,"simplyswords:gold_halberd":28,"adventurez:cooked_venison":1,"minecraft:stone_pickaxe":88,"minecraft:wooden_pickaxe":60,"minecraft:glow_berries":5,"minecraft:sand":20,"minecraft:mushroom_stew":1,"simplyswords:diamond_claymore":136,"minecraft:crossbow":6,"minecraft:redstone_torch":1,"minecraft:bread":102,"minecraft:diamond_sword":1,"simplyswords:iron_claymore":211,"minecraft:stone_sword":34,"minecraft:tropical_fish":1,"morebows:diamond_bow":51,"simplyswords:iron_warglaive":172,"minecraft:spruce_planks":2,"minecraft:netherrack":107,"minecraft:torch":77,"minecraft:dirt":3,"simplyswords:iron_katana":84,"minecraft:iron_hoe":1,"minecraft:flowering_azalea":1,"simplyswords:gold_scythe":24,"minecraft:iron_axe":16,"minecraft:cobbled_deepslate":1,"minecraft:birch_planks":22,"minecraft:birch_boat":5,"minecraft:leather_boots":1,"minecraft:gilded_blackstone":1,"minecraft:mossy_cobblestone":1,"minecraft:crafting_table":1,"minecraft:white_bed":3,"bosses_of_mass_destruction:soul_star":60,"minecraft:apple":13,"minecraft:iron_pickaxe":2178,"simplyswords:iron_sai":12,"minecraft:stone_axe":51,"minecraft:potion":2,"minecraft:cobblestone":176,"minecraft:purple_bed":2,"minecraft:cooked_porkchop":6,"minecraft:pumpkin_pie":4,"minecraft:green_stained_glass":9},"minecraft:broken":{"minecraft:golden_sword":1,"minecraft:leather_boots":1,"minecraft:iron_pickaxe":6},"minecraft:crafted":{"minecraft:iron_boots":1,"minecraft:chest":2,"minecraft:stone_hoe":1,"minecraft:arrow":24,"minecraft:crafting_table":1,"minecraft:spruce_planks":56,"minecraft:wooden_pickaxe":2,"minecraft:birch_planks":96,"minecraft:iron_chestplate":1,"minecraft:golden_leggings":1,"minecraft:shield":2,"minecraft:stick":86,"minecraft:iron_ingot":40,"minecraft:iron_pickaxe":7,"minecraft:stone_sword":2,"minecraft:iron_nugget":9,"minecraft:iron_axe":1,"minecraft:iron_hoe":1,"minecraft:stone_pickaxe":5,"minecraft:diamond_boots":1,"minecraft:golden_helmet":1,"minecraft:wheat":360,"minecraft:diamond_sword":1,"minecraft:stone_axe":3,"minecraft:bread":125,"minecraft:air":0,"minecraft:torch":76,"simplyswords:diamond_claymore":1},"minecraft:dropped":{"minecraft:birch_planks":7,"minecraft:warped_fungus":1,"minecraft:glass_bottle":2,"minecraft:crafting_table":1,"minecraft:crossbow":1,"minecraft:leather":7,"minecraft:crimson_roots":1,"minecraft:iron_pickaxe":1,"simplyswords:iron_sai":1,"minecraft:stone_axe":2,"minecraft:blackstone":13,"minecraft:sugar_cane":4,"minecraft:ancient_debris":1,"minecraft:nether_brick":1,"minecraft:wheat":32,"minecraft:rotten_flesh":17,"minecraft:carrot":2,"minecraft:leather_chestplate":1,"bosses_of_mass_destruction:blazing_eye":1,"minecraft:arrow":4,"adventurez:cooked_venison":5,"minecraft:iron_ingot":15,"minecraft:bread":47,"morebows:diamond_bow":1,"minecraft:wheat_seeds":3,"minecraft:cobblestone":42,"minecraft:tropical_fish":1,"minecraft:coal":2,"minecraft:stick":4,"minecraft:cobweb":16,"minecraft:torch":12,"minecraft:dead_bush":2,"minecraft:flowering_azalea":1,"minecraft:string":2,"minecraft:spruce_sapling":2,"minecraft:moss_carpet":5,"minecraft:sweet_berries":9,"minecraft:raw_iron":11,"minecraft:clay_ball":1,"minecraft:name_tag":1,"minecraft:big_dripleaf":3,"minecraft:shield":1,"minecraft:flower_pot":7,"minecraft:spider_eye":2,"minecraft:bow":1,"minecraft:stone_pickaxe":2,"minecraft:wooden_pickaxe":1,"minecraft:bell":1,"minecraft:calcite":5,"simplyswords:iron_claymore":2},"minecraft:custom":{"minecraft:interact_with_crafting_table":73,"minecraft:open_barrel":72,"minecraft:bell_ring":5,"minecraft:leave_game":20,"minecraft:time_since_death":191567,"minecraft:sprint_one_cm":1328885,"minecraft:damage_blocked_by_shield":3035,"minecraft:drop":99,"minecraft:play_time":716905,"minecraft:deaths":24,"minecraft:jump":10564,"minecraft:walk_on_water_one_cm":155587,"minecraft:enchant_item":7,"minecraft:interact_with_furnace":61,"minecraft:interact_with_cartography_table":1,"minecraft:interact_with_loom":2,"minecraft:sleep_in_bed":14,"minecraft:damage_dealt":20083,"minecraft:crouch_one_cm":98132,"minecraft:interact_with_smoker":1,"minecraft:interact_with_smithing_table":1,"minecraft:mob_kills":100,"minecraft:interact_with_anvil":1,"minecraft:climb_one_cm":6352,"minecraft:walk_one_cm":2521261,"minecraft:damage_dealt_absorbed":268,"minecraft:sneak_time":25473,"minecraft:walk_under_water_one_cm":192677,"minecraft:boat_one_cm":249836,"minecraft:interact_with_blast_furnace":2,"minecraft:total_world_time":716905,"minecraft:time_since_rest":126240,"minecraft:damage_taken":13626,"minecraft:trigger_trapped_chest":1,"minecraft:swim_one_cm":367622,"minecraft:fly_one_cm":1168173,"minecraft:open_chest":250,"minecraft:fall_one_cm":228108},"minecraft:mined":{"minecraft:spruce_planks":2,"minecraft:white_bed":3,"minecraft:potted_crimson_roots":1,"minecraft:potted_crimson_fungus":1,"minecraft:potted_dead_bush":2,"minecraft:cave_vines_plant":8,"minecraft:grass_block":1,"minecraft:nether_wart":3,"minecraft:gilded_blackstone":1,"minecraft:potted_warped_fungus":1,"minecraft:magma_block":3,"minecraft:glowstone":5,"minecraft:iron_ore":73,"minecraft:fire":21,"minecraft:barrel":3,"minecraft:moss_carpet":1,"minecraft:cave_vines":6,"minecraft:azalea":3,"minecraft:player_head":1,"minecraft:spruce_slab":2,"minecraft:tripwire":2,"minecraft:brown_mushroom":5,"minecraft:blackstone":152,"minecraft:crimson_nylium":3,"minecraft:soul_fire":3,"minecraft:powder_snow":7,"minecraft:clay":5,"minecraft:torch":5,"minecraft:melon":3,"minecraft:potted_warped_roots":1,"minecraft:chest":5,"minecraft:nether_quartz_ore":10,"minecraft:cobblestone":16,"minecraft:sugar_cane":1,"minecraft:wall_torch":9,"minecraft:yellow_wool":3,"minecraft:birch_log":21,"minecraft:grass":18,"minecraft:oak_log":2,"minecraft:sand":24,"minecraft:dirt":21,"minecraft:netherrack":159,"minecraft:cyan_candle":3,"minecraft:deepslate":8,"minecraft:diamond_ore":2,"minecraft:mossy_cobblestone":4,"minecraft:deepslate_diamond_ore":6,"minecraft:potted_flowering_azalea_bush":1,"minecraft:purple_candle":1,"minecraft:potted_azalea_bush":1,"minecraft:spruce_leaves":2,"minecraft:cartography_table":1,"minecraft:potted_bamboo":1,"minecraft:moss_block":17,"minecraft:hay_block":16,"minecraft:black_stained_glass_pane":2,"minecraft:carrots":47,"minecraft:potatoes":2,"minecraft:deepslate_iron_ore":32,"minecraft:potted_spruce_sapling":1,"minecraft:stone":1779,"minecraft:white_wool":3,"minecraft:cake":2,"minecraft:flowering_azalea":5,"minecraft:basalt":5,"minecraft:crafting_table":1,"minecraft:emerald_ore":1,"minecraft:sculk_sensor":1,"minecraft:campfire":1,"minecraft:tall_grass":14,"minecraft:copper_ore":5,"minecraft:lapis_ore":8,"minecraft:big_dripleaf":5,"minecraft:spruce_stairs":2,"minecraft:birch_planks":5,"minecraft:purple_bed":3,"minecraft:redstone_torch":1,"minecraft:sweet_berry_bush":1,"minecraft:spruce_log":14,"minecraft:birch_leaves":3,"minecraft:coal_ore":33,"minecraft:gravel":2,"minecraft:small_dripleaf":1,"minecraft:infested_stone":4},"minecraft:picked_up":{"minecraft:iron_chestplate":6,"minecraft:wheat":32,"minecraft:flower_pot":11,"minecraft:yellow_wool":15,"minecraft:stone_slab":2,"minecraft:lead":4,"minecraft:potion":14,"minecraft:enchanted_book":2,"minecraft:gilded_blackstone":2,"minecraft:nether_brick":1,"minecraft:golden_sword":1,"minecraft:polished_blackstone_brick_stairs":6,"minecraft:string":23,"minecraft:raw_copper":16,"minecraft:cooked_salmon":3,"minecraft:iron_leggings":5,"minecraft:armor_stand":5,"minecraft:beetroot":7,"minecraft:diamond_leggings":1,"minecraft:cobbled_deepslate":5,"bosses_of_mass_destruction:soul_star":61,"minecraft:spruce_planks":2,"minecraft:redstone_torch":1,"minecraft:calcite":5,"minecraft:azalea":8,"minecraft:iron_pickaxe":9,"minecraft:melon_slice":42,"minecraft:iron_boots":8,"minecraft:golden_helmet":6,"minecraft:stick":10,"minecraft:big_dripleaf":21,"minecraft:torch":54,"minecraft:spruce_stairs":2,"minecraft:pointed_dripstone":1,"minecraft:stone_sword":11,"minecraft:rotten_flesh":58,"minecraft:tropical_fish":6,"immersive_melodies:flute":1,"minecraft:blaze_rod":2,"morebows:diamond_bow":5,"minecraft:cobblestone":2015,"minecraft:birch_log":25,"minecraft:magma_block":3,"minecraft:leather_chestplate":7,"minecraft:feather":1,"minecraft:birch_slab":4,"minecraft:golden_leggings":6,"minecraft:potato":6,"minecraft:tuff":1,"minecraft:lapis_lazuli":44,"minecraft:dirt":17,"minecraft:leather_boots":5,"minecraft:bone":79,"minecraft:bow":2,"minecraft:wheat_seeds":15,"minecraft:bell":2,"minecraft:glowstone_dust":17,"minecraft:cyan_candle":18,"minecraft:moss_block":22,"minecraft:oak_planks":4,"minecraft:cooked_porkchop":9,"minecraft:sand":24,"minecraft:dead_bush":2,"minecraft:fermented_spider_eye":12,"minecraft:barrel":3,"minecraft:mossy_cobblestone":20,"minecraft:dark_prismarine":3,"minecraft:bundle":3,"simplyswords:diamond_claymore":1,"minecraft:diamond":9,"minecraft:crossbow":1,"minecraft:emerald":10,"minecraft:chainmail_helmet":1,"minecraft:bread":209,"minecraft:netherrack":141,"minecraft:crimson_roots":1,"minecraft:charcoal":12,"minecraft:crafting_table":3,"minecraft:nether_wart":2,"minecraft:clay_ball":53,"simplyswords:iron_sai":4,"minecraft:leather_leggings":1,"minecraft:brown_mushroom":5,"friendsandfoes:totem_of_illusion":4,"minecraft:wooden_pickaxe":6,"minecraft:shield":14,"minecraft:moss_carpet":10,"minecraft:iron_axe":1,"minecraft:item_frame":25,"minecraft:blackstone":17,"minecraft:cyan_carpet":23,"torchesntrinkets:lantern_belt":8,"minecraft:cartography_table":3,"minecraft:player_head":5,"minecraft:spruce_slab":3,"minecraft:sugar_cane":14,"minecraft:chest":5,"minecraft:birch_sapling":1,"minecraft:egg":1,"minecraft:raw_iron":130,"minecraft:copper_ingot":12,"minecraft:bowl":5,"minecraft:polished_blackstone_bricks":42,"minecraft:carrot":200,"minecraft:redstone":2,"minecraft:dark_oak_planks":1,"minecraft:purple_candle":4,"minecraft:cooked_cod":22,"minecraft:arrow":227,"minecraft:diamond_chestplate":1,"minecraft:pumpkin_pie":8,"minecraft:nether_bricks":30,"minecraft:hay_block":74,"minecraft:pink_tulip":4,"bosses_of_mass_destruction:blazing_eye":1,"minecraft:saddle":1,"minecraft:glistering_melon_slice":24,"minecraft:glow_berries":8,"minecraft:lime_stained_glass":9,"minecraft:white_wool":30,"minecraft:rail":2,"simplyswords:iron_katana":3,"minecraft:basalt":5,"minecraft:glow_ink_sac":2,"minecraft:leather":33,"minecraft:filled_map":4,"minecraft:birch_planks":131,"minecraft:mushroom_stew":6,"simplyswords:iron_claymore":5,"minecraft:oak_log":2,"minecraft:ancient_debris":1,"minecraft:apple":47,"simplyswords:iron_warglaive":7,"minecraft:yellow_stained_glass":6,"minecraft:iron_ingot":58,"minecraft:stone_pickaxe":13,"minecraft:cooked_chicken":1,"minecraft:cobweb":32,"minecraft:flowering_azalea":8,"minecraft:iron_sword":1,"minecraft:book":1,"minecraft:warped_fungus":1,"minecraft:birch_boat":6,"minecraft:sweet_berries":159,"minecraft:quartz":7,"minecraft:green_stained_glass":9,"minecraft:spruce_sapling":3,"minecraft:white_bed":3,"minecraft:spruce_log":14,"minecraft:spider_eye":5,"minecraft:leather_helmet":1,"minecraft:diamond_shovel":2,"minecraft:purple_bed":3,"minecraft:slime_ball":4,"simplyswords:gold_halberd":2,"adventurez:cooked_venison":12,"minecraft:stone_axe":6,"minecraft:painting":2,"minecraft:coal":77},"minecraft:killed":{"minecraft:cave_spider":1,"minecraft:spider":5,"creeperoverhaul:dripstone_creeper":1,"minecraft:skeleton":25,"friendsandfoes:glare":1,"bosses_of_mass_destruction:gauntlet":1,"minecraft:silverfish":7,"minecraft:illusioner":1,"minecraft:zombie_villager":1,"minecraft:creeper":1,"minecraft:trader_llama":2,"minecraft:pillager":2,"minecraft:zombie":29,"minecraft:blaze":3,"minecraft:vindicator":2,"minecraft:bat":1,"adventurez:skeleton_vanguard":1,"minecraft:wandering_trader":1,"minecraft:ravager":1,"minecraft:wither_skeleton":4,"adventurez:summoner":1}},"DataVersion":3465}