{"stats":{"minecraft:used":{"minecraft:stone_sword":34,"minecraft:purple_candle":2,"simplyswords:iron_claymore":90,"minecraft:tropical_fish":1,"simplyswords:iron_warglaive":172,"minecraft:chest":4,"minecraft:shield":51,"minecraft:netherrack":45,"minecraft:iron_chestplate":1,"minecraft:torch":14,"minecraft:dirt":3,"simplyswords:iron_katana":84,"minecraft:iron_hoe":1,"simplyswords:gold_scythe":24,"minecraft:flowering_azalea":1,"friendsandfoes:totem_of_illusion":1,"minecraft:item_frame":2,"minecraft:golden_sword":32,"minecraft:sweet_berries":39,"minecraft:cooked_cod":2,"minecraft:cobbled_deepslate":1,"simplyswords:gold_halberd":17,"adventurez:cooked_venison":1,"minecraft:birch_planks":22,"minecraft:stone_pickaxe":88,"minecraft:wooden_pickaxe":60,"minecraft:birch_boat":5,"minecraft:glow_berries":5,"minecraft:mossy_cobblestone":1,"minecraft:sand":20,"minecraft:mushroom_stew":1,"simplyswords:diamond_claymore":51,"minecraft:white_bed":3,"bosses_of_mass_destruction:soul_star":60,"minecraft:redstone_torch":1,"minecraft:apple":13,"minecraft:iron_pickaxe":1654,"minecraft:bread":58,"simplyswords:iron_sai":12,"minecraft:stone_axe":51,"minecraft:cobblestone":72,"minecraft:purple_bed":2,"minecraft:cooked_porkchop":3,"minecraft:pumpkin_pie":4},"minecraft:killed_by":{"minecraft:creeper":1,"minecraft:spider":1,"minecraft:enderman":1,"adventurez:amethyst_golem":1,"minecraft:warden":1,"minecraft:cave_spider":1,"minecraft:skeleton":8,"minecraft:illusioner":3},"minecraft:dropped":{"minecraft:iron_ingot":15,"minecraft:bread":29,"minecraft:birch_planks":7,"minecraft:cobblestone":42,"minecraft:leather":7,"minecraft:tropical_fish":1,"minecraft:coal":2,"minecraft:stick":4,"minecraft:cobweb":16,"minecraft:torch":12,"minecraft:dead_bush":2,"minecraft:iron_pickaxe":1,"minecraft:string":2,"simplyswords:iron_sai":1,"minecraft:spruce_sapling":2,"minecraft:stone_axe":2,"minecraft:sweet_berries":9,"minecraft:sugar_cane":4,"minecraft:wheat":32,"minecraft:raw_iron":11,"minecraft:rotten_flesh":10,"minecraft:shield":1,"minecraft:spider_eye":2,"minecraft:stone_pickaxe":2,"minecraft:wooden_pickaxe":1,"minecraft:bell":1,"minecraft:calcite":5,"simplyswords:iron_claymore":1,"adventurez:cooked_venison":5},"minecraft:custom":{"minecraft:interact_with_smithing_table":1,"minecraft:mob_kills":58,"minecraft:interact_with_crafting_table":49,"minecraft:open_barrel":12,"minecraft:bell_ring":5,"minecraft:leave_game":13,"minecraft:time_since_death":102902,"minecraft:climb_one_cm":4465,"minecraft:sprint_one_cm":840607,"minecraft:walk_one_cm":1622331,"minecraft:damage_blocked_by_shield":1535,"minecraft:drop":55,"minecraft:play_time":482548,"minecraft:deaths":19,"minecraft:sneak_time":12977,"minecraft:walk_under_water_one_cm":159171,"minecraft:boat_one_cm":249836,"minecraft:jump":6940,"minecraft:interact_with_blast_furnace":2,"minecraft:enchant_item":6,"minecraft:walk_on_water_one_cm":127918,"minecraft:total_world_time":482548,"minecraft:interact_with_furnace":38,"minecraft:interact_with_cartography_table":1,"minecraft:interact_with_loom":1,"minecraft:sleep_in_bed":11,"minecraft:time_since_rest":102968,"minecraft:damage_taken":8745,"minecraft:damage_dealt":13202,"minecraft:swim_one_cm":317458,"minecraft:fly_one_cm":730232,"minecraft:open_chest":154,"minecraft:crouch_one_cm":49041,"minecraft:fall_one_cm":148687},"minecraft:mined":{"minecraft:diamond_ore":1,"minecraft:spruce_planks":2,"minecraft:white_bed":3,"minecraft:mossy_cobblestone":4,"minecraft:purple_candle":1,"minecraft:cave_vines_plant":7,"minecraft:potted_dead_bush":1,"minecraft:grass_block":1,"minecraft:moss_block":3,"minecraft:cartography_table":1,"minecraft:nether_wart":2,"minecraft:hay_block":16,"minecraft:glowstone":5,"minecraft:iron_ore":50,"minecraft:barrel":3,"minecraft:fire":13,"minecraft:moss_carpet":1,"minecraft:cave_vines":6,"minecraft:deepslate_iron_ore":1,"minecraft:potted_spruce_sapling":1,"minecraft:azalea":2,"minecraft:stone":1518,"minecraft:white_wool":3,"minecraft:player_head":1,"minecraft:spruce_slab":2,"minecraft:cake":1,"minecraft:brown_mushroom":5,"minecraft:flowering_azalea":4,"minecraft:soul_fire":3,"minecraft:crimson_nylium":3,"minecraft:powder_snow":7,"minecraft:clay":5,"minecraft:crafting_table":1,"minecraft:torch":5,"minecraft:melon":3,"minecraft:chest":5,"minecraft:sculk_sensor":1,"minecraft:campfire":1,"minecraft:nether_quartz_ore":10,"minecraft:copper_ore":5,"minecraft:tall_grass":13,"minecraft:cobblestone":12,"minecraft:lapis_ore":8,"minecraft:sugar_cane":1,"minecraft:wall_torch":9,"minecraft:big_dripleaf":4,"minecraft:spruce_stairs":2,"minecraft:purple_bed":3,"minecraft:birch_planks":5,"minecraft:yellow_wool":3,"minecraft:birch_log":20,"minecraft:redstone_torch":1,"minecraft:sweet_berry_bush":1,"minecraft:birch_leaves":3,"minecraft:grass":15,"minecraft:coal_ore":13,"minecraft:oak_log":2,"minecraft:gravel":2,"minecraft:sand":24,"minecraft:small_dripleaf":1,"minecraft:netherrack":159,"minecraft:cyan_candle":3,"minecraft:deepslate":2},"minecraft:broken":{"minecraft:golden_sword":1,"minecraft:iron_pickaxe":5},"minecraft:crafted":{"minecraft:iron_boots":1,"minecraft:iron_axe":1,"minecraft:iron_hoe":1,"minecraft:stone_pickaxe":5,"minecraft:stone_hoe":1,"minecraft:golden_helmet":1,"minecraft:wheat":360,"minecraft:wooden_pickaxe":2,"minecraft:birch_planks":96,"minecraft:stone_axe":3,"minecraft:bread":125,"minecraft:air":0,"minecraft:iron_chestplate":1,"minecraft:golden_leggings":1,"minecraft:shield":1,"minecraft:stick":58,"minecraft:iron_ingot":11,"minecraft:iron_pickaxe":7,"minecraft:stone_sword":2},"minecraft:picked_up":{"minecraft:iron_chestplate":6,"minecraft:charcoal":12,"minecraft:crafting_table":2,"minecraft:wheat":32,"minecraft:clay_ball":52,"minecraft:nether_wart":2,"minecraft:flower_pot":4,"simplyswords:iron_sai":4,"minecraft:yellow_wool":15,"minecraft:lead":4,"minecraft:wooden_pickaxe":6,"minecraft:brown_mushroom":5,"minecraft:stone_slab":2,"friendsandfoes:totem_of_illusion":4,"minecraft:potion":14,"minecraft:enchanted_book":2,"minecraft:shield":14,"minecraft:golden_sword":1,"minecraft:string":19,"minecraft:moss_carpet":5,"minecraft:raw_copper":16,"minecraft:cooked_salmon":3,"minecraft:iron_leggings":5,"minecraft:item_frame":25,"minecraft:armor_stand":5,"minecraft:cyan_carpet":23,"minecraft:beetroot":7,"torchesntrinkets:lantern_belt":8,"minecraft:cartography_table":3,"minecraft:cobbled_deepslate":5,"bosses_of_mass_destruction:soul_star":60,"minecraft:spruce_planks":2,"minecraft:redstone_torch":1,"minecraft:player_head":5,"minecraft:calcite":5,"minecraft:azalea":6,"minecraft:iron_pickaxe":6,"minecraft:spruce_slab":3,"minecraft:melon_slice":42,"minecraft:sugar_cane":14,"minecraft:chest":5,"minecraft:birch_sapling":1,"minecraft:iron_boots":8,"minecraft:golden_helmet":6,"minecraft:stick":10,"minecraft:raw_iron":75,"minecraft:big_dripleaf":18,"minecraft:copper_ingot":12,"minecraft:torch":54,"minecraft:bowl":5,"minecraft:spruce_stairs":2,"minecraft:carrot":26,"minecraft:redstone":2,"minecraft:dark_oak_planks":1,"minecraft:purple_candle":4,"minecraft:stone_sword":10,"minecraft:arrow":54,"minecraft:rotten_flesh":41,"minecraft:cooked_cod":22,"minecraft:tropical_fish":6,"minecraft:pumpkin_pie":8,"minecraft:hay_block":74,"minecraft:pink_tulip":4,"minecraft:glistering_melon_slice":24,"immersive_melodies:flute":1,"minecraft:glow_berries":8,"minecraft:white_wool":30,"minecraft:cobblestone":1755,"minecraft:birch_log":24,"simplyswords:iron_katana":3,"minecraft:leather_chestplate":5,"minecraft:glow_ink_sac":2,"minecraft:birch_slab":4,"minecraft:leather":33,"minecraft:golden_leggings":6,"minecraft:filled_map":4,"minecraft:birch_planks":131,"minecraft:mushroom_stew":5,"simplyswords:iron_claymore":5,"minecraft:tuff":1,"minecraft:oak_log":2,"minecraft:lapis_lazuli":44,"minecraft:dirt":17,"minecraft:bone":69,"minecraft:apple":47,"minecraft:bow":1,"minecraft:wheat_seeds":12,"simplyswords:iron_warglaive":5,"minecraft:bell":2,"minecraft:iron_ingot":58,"minecraft:stone_pickaxe":13,"minecraft:cobweb":32,"minecraft:cyan_candle":18,"minecraft:glowstone_dust":17,"minecraft:moss_block":8,"minecraft:oak_planks":4,"minecraft:flowering_azalea":4,"minecraft:book":1,"minecraft:cooked_porkchop":9,"minecraft:birch_boat":6,"minecraft:sweet_berries":138,"minecraft:quartz":7,"minecraft:sand":24,"minecraft:spruce_sapling":3,"minecraft:white_bed":3,"minecraft:dead_bush":2,"minecraft:fermented_spider_eye":12,"minecraft:spider_eye":4,"minecraft:barrel":3,"minecraft:mossy_cobblestone":20,"minecraft:dark_prismarine":3,"minecraft:bundle":3,"simplyswords:diamond_claymore":1,"minecraft:purple_bed":3,"adventurez:cooked_venison":12,"minecraft:diamond":2,"minecraft:stone_axe":6,"minecraft:painting":2,"minecraft:emerald":5,"minecraft:bread":168,"minecraft:netherrack":141,"minecraft:coal":54},"minecraft:killed":{"minecraft:cave_spider":1,"minecraft:spider":2,"minecraft:skeleton":17,"friendsandfoes:glare":1,"minecraft:illusioner":1,"adventurez:skeleton_vanguard":1,"minecraft:wandering_trader":1,"minecraft:trader_llama":2,"minecraft:pillager":1,"minecraft:zombie":20,"minecraft:wither_skeleton":3,"adventurez:summoner":1}},"DataVersion":3465}